{
  "llama3": {
    "accuracy": 0.8333333333333334,
    "precision": 1.0,
    "recall": 0.8333333333333334,
    "f1_score": 0.9090909090909091
  },
  "mistral": {
    "accuracy": 0.6666666666666666,
    "precision": 1.0,
    "recall": 0.6666666666666666,
    "f1_score": 0.8
  },
  "phi": {
    "accuracy": 0.3333333333333333,
    "precision": 1.0,
    "recall": 0.3333333333333333,
    "f1_score": 0.5
  }
}