{
  "llama3": {
    "accuracy": 1.0,
    "precision": 1.0,
    "recall": 1.0,
    "f1_score": 1.0
  },
  "mistral": {
    "accuracy": 0.6666666666666666,
    "precision": 1.0,
    "recall": 0.6666666666666666,
    "f1_score": 0.8
  },
  "phi": {
    "accuracy": 0.5,
    "precision": 1.0,
    "recall": 0.5,
    "f1_score": 0.6666666666666666
  }
}